bit_depth,channels,duration_seconds,filename,sample_rate_hz,size_bytes
16,1,0.249625,01-FB-Mi1_16kHz.wav,16000,8032
16,1,0.249625,01-FB-Mi2_16kHz.wav,16000,8032
16,1,0.249625,01-FB-Mi3_16kHz.wav,16000,8032
16,1,0.249625,01-FB-Mi4_16kHz.wav,16000,8032
16,1,0.249625,01-FB-Mi5_16kHz.wav,16000,8032
16,1,0.249625,01-FB-Mi6_16kHz.wav,16000,8032
16,1,12.4459375,01-FF-Mi1_16kHz.wav,16000,398314
16,1,12.4459375,01-FF-Mi2_16kHz.wav,16000,398314
16,1,12.4459375,01-FF-Mi3_16kHz.wav,16000,398314
16,1,12.4459375,01-FF-Mi4_16kHz.wav,16000,398314
16,1,12.4459375,01-FF-Mi5_16kHz.wav,16000,398314
16,1,12.4459375,01-FF-Mi6_16kHz.wav,16000,398314
16,1,14.5705625,01-H1-Mi1_16kHz.wav,16000,466302
16,1,14.5705625,01-H1-Mi2_16kHz.wav,16000,466302
16,1,14.5705625,01-H1-Mi3_16kHz.wav,16000,466302
16,1,14.5705625,01-H1-Mi4_16kHz.wav,16000,466302
16,1,14.5705625,01-H1-Mi5_16kHz.wav,16000,466302
16,1,14.5705625,01-H1-Mi6_16kHz.wav,16000,466302
16,1,0.4005625,01-H2-Mi1_16kHz.wav,16000,12862
16,1,0.4005625,01-H2-Mi2_16kHz.wav,16000,12862
16,1,0.4005625,01-H2-Mi3_16kHz.wav,16000,12862
16,1,0.4005625,01-H2-Mi4_16kHz.wav,16000,12862
16,1,0.4005625,01-H2-Mi5_16kHz.wav,16000,12862
16,1,0.4005625,01-H2-Mi6_16kHz.wav,16000,12862
16,1,12.03375,01-HF-Mi1_16kHz.wav,16000,385124
16,1,12.03375,01-HF-Mi2_16kHz.wav,16000,385124
16,1,12.03375,01-HF-Mi3_16kHz.wav,16000,385124
16,1,12.03375,01-HF-Mi4_16kHz.wav,16000,385124
16,1,12.03375,01-HF-Mi5_16kHz.wav,16000,385124
16,1,12.03375,01-HF-Mi6_16kHz.wav,16000,385124
16,1,0.2845,01-LD-Mi1_16kHz.wav,16000,9148
16,1,0.2845,01-LD-Mi2_16kHz.wav,16000,9148
16,1,0.2845,01-LD-Mi3_16kHz.wav,16000,9148
16,1,0.2845,01-LD-Mi4_16kHz.wav,16000,9148
16,1,0.2845,01-LD-Mi5_16kHz.wav,16000,9148
16,1,0.2845,01-LD-Mi6_16kHz.wav,16000,9148
16,1,15.551625,01-TO-Mi1_16kHz.wav,16000,497696
16,1,15.551625,01-TO-Mi2_16kHz.wav,16000,497696
16,1,15.551625,01-TO-Mi3_16kHz.wav,16000,497696
16,1,15.551625,01-TO-Mi4_16kHz.wav,16000,497696
16,1,15.551625,01-TO-Mi5_16kHz.wav,16000,497696
16,1,15.551625,01-TO-Mi6_16kHz.wav,16000,497696
16,1,0.7314375,02-FB-Mi1_16kHz.wav,16000,23450
16,1,0.7314375,02-FB-Mi2_16kHz.wav,16000,23450
16,1,0.7314375,02-FB-Mi3_16kHz.wav,16000,23450
16,1,0.7314375,02-FB-Mi4_16kHz.wav,16000,23450
16,1,0.7314375,02-FB-Mi5_16kHz.wav,16000,23450
16,1,0.7314375,02-FB-Mi6_16kHz.wav,16000,23450
16,1,10.884375,02-FF-Mi1_16kHz.wav,16000,348344
16,1,10.884375,02-FF-Mi2_16kHz.wav,16000,348344
16,1,10.884375,02-FF-Mi3_16kHz.wav,16000,348344
16,1,10.884375,02-FF-Mi4_16kHz.wav,16000,348344
16,1,10.884375,02-FF-Mi5_16kHz.wav,16000,348344
16,1,10.884375,02-FF-Mi6_16kHz.wav,16000,348344
16,1,11.250125,02-H1-Mi1_16kHz.wav,16000,360048
16,1,11.250125,02-H1-Mi2_16kHz.wav,16000,360048
16,1,11.250125,02-H1-Mi3_16kHz.wav,16000,360048
16,1,11.250125,02-H1-Mi4_16kHz.wav,16000,360048
16,1,11.250125,02-H1-Mi5_16kHz.wav,16000,360048
16,1,11.250125,02-H1-Mi6_16kHz.wav,16000,360048
16,1,0.3309375,02-H2-Mi1_16kHz.wav,16000,10634
16,1,0.3309375,02-H2-Mi2_16kHz.wav,16000,10634
16,1,0.3309375,02-H2-Mi3_16kHz.wav,16000,10634
16,1,0.3309375,02-H2-Mi4_16kHz.wav,16000,10634
16,1,0.3309375,02-H2-Mi5_16kHz.wav,16000,10634
16,1,0.3309375,02-H2-Mi6_16kHz.wav,16000,10634
16,1,9.2531875,02-HF-Mi1_16kHz.wav,16000,296146
16,1,9.2531875,02-HF-Mi2_16kHz.wav,16000,296146
16,1,9.2531875,02-HF-Mi3_16kHz.wav,16000,296146
16,1,9.2531875,02-HF-Mi4_16kHz.wav,16000,296146
16,1,9.2531875,02-HF-Mi5_16kHz.wav,16000,296146
16,1,9.2531875,02-HF-Mi6_16kHz.wav,16000,296146
16,1,0.3135,02-LD-Mi1_16kHz.wav,16000,10076
16,1,0.3135,02-LD-Mi2_16kHz.wav,16000,10076
16,1,0.3135,02-LD-Mi3_16kHz.wav,16000,10076
16,1,0.3135,02-LD-Mi4_16kHz.wav,16000,10076
16,1,0.3135,02-LD-Mi5_16kHz.wav,16000,10076
16,1,0.3135,02-LD-Mi6_16kHz.wav,16000,10076
16,1,13.5953125,02-TO-Mi1_16kHz.wav,16000,435094
16,1,13.5953125,02-TO-Mi2_16kHz.wav,16000,435094
16,1,13.5953125,02-TO-Mi3_16kHz.wav,16000,435094
16,1,13.5953125,02-TO-Mi4_16kHz.wav,16000,435094
16,1,13.5953125,02-TO-Mi5_16kHz.wav,16000,435094
16,1,13.5953125,02-TO-Mi6_16kHz.wav,16000,435094
16,1,11.331375,03-FB-Mi1_16kHz.wav,16000,362648
16,1,11.331375,03-FB-Mi2_16kHz.wav,16000,362648
16,1,11.331375,03-FB-Mi3_16kHz.wav,16000,362648
16,1,11.331375,03-FB-Mi4_16kHz.wav,16000,362648
16,1,11.331375,03-FB-Mi5_16kHz.wav,16000,362648
16,1,11.331375,03-FB-Mi6_16kHz.wav,16000,362648
16,1,15.302,03-FF-Mi1_16kHz.wav,16000,489708
16,1,15.302,03-FF-Mi2_16kHz.wav,16000,489708
16,1,15.302,03-FF-Mi3_16kHz.wav,16000,489708
16,1,15.302,03-FF-Mi4_16kHz.wav,16000,489708
16,1,15.302,03-FF-Mi5_16kHz.wav,16000,489708
16,1,15.302,03-FF-Mi6_16kHz.wav,16000,489708
16,1,6.8325,03-H1-Mi1_16kHz.wav,16000,218684
16,1,6.8325,03-H1-Mi2_16kHz.wav,16000,218684
16,1,6.8325,03-H1-Mi3_16kHz.wav,16000,218684
16,1,6.8325,03-H1-Mi4_16kHz.wav,16000,218684
16,1,6.8325,03-H1-Mi5_16kHz.wav,16000,218684
16,1,6.8325,03-H1-Mi6_16kHz.wav,16000,218684
16,1,5.5321875,03-H2-Mi1_16kHz.wav,16000,177074
16,1,5.5321875,03-H2-Mi2_16kHz.wav,16000,177074
16,1,5.5321875,03-H2-Mi3_16kHz.wav,16000,177074
16,1,5.5321875,03-H2-Mi4_16kHz.wav,16000,177074
16,1,5.5321875,03-H2-Mi5_16kHz.wav,16000,177074
16,1,5.5321875,03-H2-Mi6_16kHz.wav,16000,177074
16,1,6.4841875,03-HF-Mi1_16kHz.wav,16000,207538
16,1,6.4841875,03-HF-Mi2_16kHz.wav,16000,207538
16,1,6.4841875,03-HF-Mi3_16kHz.wav,16000,207538
16,1,6.4841875,03-HF-Mi4_16kHz.wav,16000,207538
16,1,6.4841875,03-HF-Mi5_16kHz.wav,16000,207538
16,1,6.4841875,03-HF-Mi6_16kHz.wav,16000,207538
16,1,13.74625,03-LD-Mi1_16kHz.wav,16000,439924
16,1,13.74625,03-LD-Mi2_16kHz.wav,16000,439924
16,1,13.74625,03-LD-Mi3_16kHz.wav,16000,439924
16,1,13.74625,03-LD-Mi4_16kHz.wav,16000,439924
16,1,13.74625,03-LD-Mi5_16kHz.wav,16000,439924
16,1,13.74625,03-LD-Mi6_16kHz.wav,16000,439924
16,1,13.0031875,03-TO-Mi1_16kHz.wav,16000,416146
16,1,13.0031875,03-TO-Mi2_16kHz.wav,16000,416146
16,1,13.0031875,03-TO-Mi3_16kHz.wav,16000,416146
16,1,13.0031875,03-TO-Mi4_16kHz.wav,16000,416146
16,1,13.0031875,03-TO-Mi5_16kHz.wav,16000,416146
16,1,13.0031875,03-TO-Mi6_16kHz.wav,16000,416146
16,1,18.04775,04-FB-Mi1_16kHz.wav,16000,577572
16,1,18.04775,04-FB-Mi2_16kHz.wav,16000,577572
16,1,18.04775,04-FB-Mi3_16kHz.wav,16000,577572
16,1,18.04775,04-FB-Mi4_16kHz.wav,16000,577572
16,1,18.04775,04-FB-Mi5_16kHz.wav,16000,577572
16,1,18.04775,04-FB-Mi6_16kHz.wav,16000,577572
16,1,16.6835625,04-FF-Mi1_16kHz.wav,16000,533918
16,1,16.6835625,04-FF-Mi2_16kHz.wav,16000,533918
16,1,16.6835625,04-FF-Mi3_16kHz.wav,16000,533918
16,1,16.6835625,04-FF-Mi4_16kHz.wav,16000,533918
16,1,16.6835625,04-FF-Mi5_16kHz.wav,16000,533918
16,1,16.6835625,04-FF-Mi6_16kHz.wav,16000,533918
16,1,5.8340625,04-H1-Mi1_16kHz.wav,16000,186734
16,1,5.8340625,04-H1-Mi2_16kHz.wav,16000,186734
16,1,5.8340625,04-H1-Mi3_16kHz.wav,16000,186734
16,1,5.8340625,04-H1-Mi4_16kHz.wav,16000,186734
16,1,5.8340625,04-H1-Mi5_16kHz.wav,16000,186734
16,1,5.8340625,04-H1-Mi6_16kHz.wav,16000,186734
16,1,7.3026875,04-H2-Mi1_16kHz.wav,16000,233730
16,1,7.3026875,04-H2-Mi2_16kHz.wav,16000,233730
16,1,7.3026875,04-H2-Mi3_16kHz.wav,16000,233730
16,1,7.3026875,04-H2-Mi4_16kHz.wav,16000,233730
16,1,7.3026875,04-H2-Mi5_16kHz.wav,16000,233730
16,1,7.3026875,04-H2-Mi6_16kHz.wav,16000,233730
16,1,6.51325,04-HF-Mi1_16kHz.wav,16000,208468
16,1,6.51325,04-HF-Mi2_16kHz.wav,16000,208468
16,1,6.51325,04-HF-Mi3_16kHz.wav,16000,208468
16,1,6.51325,04-HF-Mi4_16kHz.wav,16000,208468
16,1,6.51325,04-HF-Mi5_16kHz.wav,16000,208468
16,1,6.51325,04-HF-Mi6_16kHz.wav,16000,208468
16,1,15.59225,04-LD-Mi1_16kHz.wav,16000,498996
16,1,15.59225,04-LD-Mi2_16kHz.wav,16000,498996
16,1,15.5980625,04-LD-Mi3_16kHz.wav,16000,499182
16,1,15.6038125,04-LD-Mi4_16kHz.wav,16000,499366
16,1,15.6038125,04-LD-Mi5_16kHz.wav,16000,499366
16,1,15.6038125,04-LD-Mi6_16kHz.wav,16000,499366
16,1,11.581,04-TO-Mi1_16kHz.wav,16000,370636
16,1,11.581,04-TO-Mi2_16kHz.wav,16000,370636
16,1,11.581,04-TO-Mi3_16kHz.wav,16000,370636
16,1,11.581,04-TO-Mi4_16kHz.wav,16000,370636
16,1,11.581,04-TO-Mi5_16kHz.wav,16000,370636
16,1,11.581,04-TO-Mi6_16kHz.wav,16000,370636
16,1,6.2345625,05-FB-Mi1_16kHz.wav,16000,199550
16,1,6.2345625,05-FB-Mi2_16kHz.wav,16000,199550
16,1,6.2345625,05-FB-Mi3_16kHz.wav,16000,199550
16,1,6.2345625,05-FB-Mi4_16kHz.wav,16000,199550
16,1,6.2345625,05-FB-Mi5_16kHz.wav,16000,199550
16,1,6.2345625,05-FB-Mi6_16kHz.wav,16000,199550
16,1,10.199375,05-FF-Mi1_16kHz.wav,16000,326424
16,1,10.199375,05-FF-Mi2_16kHz.wav,16000,326424
16,1,10.199375,05-FF-Mi3_16kHz.wav,16000,326424
16,1,10.199375,05-FF-Mi4_16kHz.wav,16000,326424
16,1,10.199375,05-FF-Mi5_16kHz.wav,16000,326424
16,1,10.199375,05-FF-Mi6_16kHz.wav,16000,326424
16,1,6.9834375,05-H1-Mi1_16kHz.wav,16000,223514
16,1,6.9834375,05-H1-Mi2_16kHz.wav,16000,223514
16,1,6.9834375,05-H1-Mi3_16kHz.wav,16000,223514
16,1,6.9834375,05-H1-Mi4_16kHz.wav,16000,223514
16,1,6.9834375,05-H1-Mi5_16kHz.wav,16000,223514
16,1,6.9834375,05-H1-Mi6_16kHz.wav,16000,223514
16,1,6.06625,05-H2-Mi1_16kHz.wav,16000,194164
16,1,6.06625,05-H2-Mi2_16kHz.wav,16000,194164
16,1,6.06625,05-H2-Mi3_16kHz.wav,16000,194164
16,1,6.06625,05-H2-Mi4_16kHz.wav,16000,194164
16,1,6.06625,05-H2-Mi5_16kHz.wav,16000,194164
16,1,6.06625,05-H2-Mi6_16kHz.wav,16000,194164
16,1,5.985,05-HF-Mi1_16kHz.wav,16000,191564
16,1,5.985,05-HF-Mi2_16kHz.wav,16000,191564
16,1,5.985,05-HF-Mi3_16kHz.wav,16000,191564
16,1,5.985,05-HF-Mi4_16kHz.wav,16000,191564
16,1,5.985,05-HF-Mi5_16kHz.wav,16000,191564
16,1,5.985,05-HF-Mi6_16kHz.wav,16000,191564
16,1,14.3325625,05-LD-Mi1_16kHz.wav,16000,458686
16,1,14.3325625,05-LD-Mi2_16kHz.wav,16000,458686
16,1,14.3325625,05-LD-Mi3_16kHz.wav,16000,458686
16,1,14.3325625,05-LD-Mi4_16kHz.wav,16000,458686
16,1,14.3325625,05-LD-Mi5_16kHz.wav,16000,458686
16,1,14.3325625,05-LD-Mi6_16kHz.wav,16000,458686
16,1,11.05275,05-TO-Mi1_16kHz.wav,16000,353732
16,1,11.05275,05-TO-Mi2_16kHz.wav,16000,353732
16,1,11.05275,05-TO-Mi3_16kHz.wav,16000,353732
16,1,11.05275,05-TO-Mi4_16kHz.wav,16000,353732
16,1,11.05275,05-TO-Mi5_16kHz.wav,16000,353732
16,1,11.05275,05-TO-Mi6_16kHz.wav,16000,353732
16,1,19.1506875,06-FB-Mi1_16kHz.wav,16000,612866
16,1,19.1506875,06-FB-Mi2_16kHz.wav,16000,612866
16,1,19.1506875,06-FB-Mi3_16kHz.wav,16000,612866
16,1,19.1506875,06-FB-Mi4_16kHz.wav,16000,612866
16,1,19.1506875,06-FB-Mi5_16kHz.wav,16000,612866
16,1,19.1506875,06-FB-Mi6_16kHz.wav,16000,612866
16,1,25.8031875,06-FF-Mi1_16kHz.wav,16000,825746
16,1,25.8031875,06-FF-Mi2_16kHz.wav,16000,825746
16,1,25.8031875,06-FF-Mi3_16kHz.wav,16000,825746
16,1,25.8031875,06-FF-Mi4_16kHz.wav,16000,825746
16,1,25.8031875,06-FF-Mi5_16kHz.wav,16000,825746
16,1,25.8031875,06-FF-Mi6_16kHz.wav,16000,825746
16,1,6.7338125,06-H1-Mi1_16kHz.wav,16000,215526
16,1,6.7338125,06-H1-Mi2_16kHz.wav,16000,215526
16,1,6.7338125,06-H1-Mi3_16kHz.wav,16000,215526
16,1,6.7338125,06-H1-Mi4_16kHz.wav,16000,215526
16,1,6.7338125,06-H1-Mi5_16kHz.wav,16000,215526
16,1,6.7338125,06-H1-Mi6_16kHz.wav,16000,215526
16,1,7.1691875,06-H2-Mi1_16kHz.wav,16000,229458
16,1,7.1691875,06-H2-Mi2_16kHz.wav,16000,229458
16,1,7.1691875,06-H2-Mi3_16kHz.wav,16000,229458
16,1,7.1691875,06-H2-Mi4_16kHz.wav,16000,229458
16,1,7.1691875,06-H2-Mi5_16kHz.wav,16000,229458
16,1,7.1691875,06-H2-Mi6_16kHz.wav,16000,229458
16,1,6.7976875,06-HF-Mi1_16kHz.wav,16000,217570
16,1,6.7976875,06-HF-Mi2_16kHz.wav,16000,217570
16,1,6.7976875,06-HF-Mi3_16kHz.wav,16000,217570
16,1,6.7976875,06-HF-Mi4_16kHz.wav,16000,217570
16,1,6.7976875,06-HF-Mi5_16kHz.wav,16000,217570
16,1,6.7976875,06-HF-Mi6_16kHz.wav,16000,217570
16,1,15.4006875,06-LD-Mi1_16kHz.wav,16000,492866
16,1,15.4006875,06-LD-Mi2_16kHz.wav,16000,492866
16,1,15.4006875,06-LD-Mi3_16kHz.wav,16000,492866
16,1,15.4006875,06-LD-Mi4_16kHz.wav,16000,492866
16,1,15.4006875,06-LD-Mi5_16kHz.wav,16000,492866
16,1,15.4006875,06-LD-Mi6_16kHz.wav,16000,492866
16,1,12.03375,06-TO-Mi1_16kHz.wav,16000,385124
16,1,12.03375,06-TO-Mi2_16kHz.wav,16000,385124
16,1,12.03375,06-TO-Mi3_16kHz.wav,16000,385124
16,1,12.03375,06-TO-Mi4_16kHz.wav,16000,385124
16,1,12.03375,06-TO-Mi5_16kHz.wav,16000,385124
16,1,12.03375,06-TO-Mi6_16kHz.wav,16000,385124
16,1,9.6305,07-FB-Mi1_16kHz.wav,16000,308220
16,1,9.6305,07-FB-Mi2_16kHz.wav,16000,308220
16,1,9.6305,07-FB-Mi3_16kHz.wav,16000,308220
16,1,9.6305,07-FB-Mi4_16kHz.wav,16000,308220
16,1,9.6305,07-FB-Mi5_16kHz.wav,16000,308220
16,1,9.6305,07-FB-Mi6_16kHz.wav,16000,308220
16,1,11.8015625,07-FF-Mi1_16kHz.wav,16000,377694
16,1,11.8015625,07-FF-Mi2_16kHz.wav,16000,377694
16,1,11.8015625,07-FF-Mi3_16kHz.wav,16000,377694
16,1,11.8015625,07-FF-Mi4_16kHz.wav,16000,377694
16,1,11.8015625,07-FF-Mi5_16kHz.wav,16000,377694
16,1,11.8015625,07-FF-Mi6_16kHz.wav,16000,377694
16,1,8.219875,07-H1-Mi1_16kHz.wav,16000,263080
16,1,8.219875,07-H1-Mi2_16kHz.wav,16000,263080
16,1,8.219875,07-H1-Mi3_16kHz.wav,16000,263080
16,1,8.219875,07-H1-Mi4_16kHz.wav,16000,263080
16,1,8.219875,07-H1-Mi5_16kHz.wav,16000,263080
16,1,8.219875,07-H1-Mi6_16kHz.wav,16000,263080
16,1,8.15025,07-H2-Mi1_16kHz.wav,16000,260852
16,1,8.15025,07-H2-Mi2_16kHz.wav,16000,260852
16,1,8.15025,07-H2-Mi3_16kHz.wav,16000,260852
16,1,8.15025,07-H2-Mi4_16kHz.wav,16000,260852
16,1,8.15025,07-H2-Mi5_16kHz.wav,16000,260852
16,1,8.15025,07-H2-Mi6_16kHz.wav,16000,260852
16,1,7.6161875,07-HF-Mi1_16kHz.wav,16000,243762
16,1,7.6161875,07-HF-Mi2_16kHz.wav,16000,243762
16,1,7.6161875,07-HF-Mi3_16kHz.wav,16000,243762
16,1,7.6161875,07-HF-Mi4_16kHz.wav,16000,243762
16,1,7.6161875,07-HF-Mi5_16kHz.wav,16000,243762
16,1,7.6161875,07-HF-Mi6_16kHz.wav,16000,243762
16,1,18.117375,07-LD-Mi1_16kHz.wav,16000,579800
16,1,18.117375,07-LD-Mi2_16kHz.wav,16000,579800
16,1,18.117375,07-LD-Mi3_16kHz.wav,16000,579800
16,1,18.117375,07-LD-Mi4_16kHz.wav,16000,579800
16,1,18.117375,07-LD-Mi5_16kHz.wav,16000,579800
16,1,18.117375,07-LD-Mi6_16kHz.wav,16000,579800
16,1,14.1990625,07-TO-Mi1_16kHz.wav,16000,454414
16,1,14.1990625,07-TO-Mi2_16kHz.wav,16000,454414
16,1,14.1990625,07-TO-Mi3_16kHz.wav,16000,454414
16,1,14.1990625,07-TO-Mi4_16kHz.wav,16000,454414
16,1,14.1990625,07-TO-Mi5_16kHz.wav,16000,454414
16,1,14.1990625,07-TO-Mi6_16kHz.wav,16000,454414
16,1,21.39725,08-FB-Mi1_16kHz.wav,16000,684756
16,1,21.39725,08-FB-Mi2_16kHz.wav,16000,684756
16,1,21.39725,08-FB-Mi3_16kHz.wav,16000,684756
16,1,21.39725,08-FB-Mi4_16kHz.wav,16000,684756
16,1,21.39725,08-FB-Mi5_16kHz.wav,16000,684756
16,1,21.39725,08-FB-Mi6_16kHz.wav,16000,684756
16,1,27.881375,08-FF-Mi1_16kHz.wav,16000,892248
16,1,27.881375,08-FF-Mi2_16kHz.wav,16000,892248
16,1,27.881375,08-FF-Mi3_16kHz.wav,16000,892248
16,1,27.881375,08-FF-Mi4_16kHz.wav,16000,892248
16,1,27.881375,08-FF-Mi5_16kHz.wav,16000,892248
16,1,27.881375,08-FF-Mi6_16kHz.wav,16000,892248
16,1,7.7380625,08-H1-Mi1_16kHz.wav,16000,247662
16,1,7.7380625,08-H1-Mi2_16kHz.wav,16000,247662
16,1,7.7380625,08-H1-Mi3_16kHz.wav,16000,247662
16,1,7.7380625,08-H1-Mi4_16kHz.wav,16000,247662
16,1,7.7380625,08-H1-Mi5_16kHz.wav,16000,247662
16,1,7.7380625,08-H1-Mi6_16kHz.wav,16000,247662
16,1,7.1808125,08-H2-Mi1_16kHz.wav,16000,229830
16,1,7.1808125,08-H2-Mi2_16kHz.wav,16000,229830
16,1,7.1808125,08-H2-Mi3_16kHz.wav,16000,229830
16,1,7.1808125,08-H2-Mi4_16kHz.wav,16000,229830
16,1,7.1808125,08-H2-Mi5_16kHz.wav,16000,229830
16,1,7.1808125,08-H2-Mi6_16kHz.wav,16000,229830
16,1,7.296875,08-HF-Mi1_16kHz.wav,16000,233544
16,1,7.296875,08-HF-Mi2_16kHz.wav,16000,233544
16,1,7.296875,08-HF-Mi3_16kHz.wav,16000,233544
16,1,7.296875,08-HF-Mi4_16kHz.wav,16000,233544
16,1,7.296875,08-HF-Mi5_16kHz.wav,16000,233544
16,1,7.296875,08-HF-Mi6_16kHz.wav,16000,233544
16,1,17.8329375,08-LD-Mi1_16kHz.wav,16000,570698
16,1,17.8329375,08-LD-Mi2_16kHz.wav,16000,570698
16,1,17.8329375,08-LD-Mi3_16kHz.wav,16000,570698
16,1,17.8329375,08-LD-Mi4_16kHz.wav,16000,570698
16,1,17.8329375,08-LD-Mi5_16kHz.wav,16000,570698
16,1,17.8329375,08-LD-Mi6_16kHz.wav,16000,570698
16,1,10.896,08-TO-Mi1_16kHz.wav,16000,348716
16,1,10.896,08-TO-Mi2_16kHz.wav,16000,348716
16,1,10.896,08-TO-Mi3_16kHz.wav,16000,348716
16,1,10.896,08-TO-Mi4_16kHz.wav,16000,348716
16,1,10.896,08-TO-Mi5_16kHz.wav,16000,348716
16,1,10.896,08-TO-Mi6_16kHz.wav,16000,348716
16,1,9.7001875,09-FB-Mi1_16kHz.wav,16000,310450
16,1,9.7001875,09-FB-Mi2_16kHz.wav,16000,310450
16,1,9.7001875,09-FB-Mi3_16kHz.wav,16000,310450
16,1,9.7001875,09-FB-Mi4_16kHz.wav,16000,310450
16,1,9.7001875,09-FB-Mi5_16kHz.wav,16000,310450
16,1,9.7001875,09-FB-Mi6_16kHz.wav,16000,310450
16,1,11.598375,09-FF-Mi1_16kHz.wav,16000,371192
16,1,11.598375,09-FF-Mi2_16kHz.wav,16000,371192
16,1,11.598375,09-FF-Mi3_16kHz.wav,16000,371192
16,1,11.598375,09-FF-Mi4_16kHz.wav,16000,371192
16,1,11.598375,09-FF-Mi5_16kHz.wav,16000,371192
16,1,11.598375,09-FF-Mi6_16kHz.wav,16000,371192
16,1,7.587125,09-H1-Mi1_16kHz.wav,16000,242832
16,1,7.587125,09-H1-Mi2_16kHz.wav,16000,242832
16,1,7.587125,09-H1-Mi3_16kHz.wav,16000,242832
16,1,7.587125,09-H1-Mi4_16kHz.wav,16000,242832
16,1,7.587125,09-H1-Mi5_16kHz.wav,16000,242832
16,1,7.587125,09-H1-Mi6_16kHz.wav,16000,242832
16,1,7.73225,09-H2-Mi1_16kHz.wav,16000,247476
16,1,7.73225,09-H2-Mi2_16kHz.wav,16000,247476
16,1,7.73225,09-H2-Mi3_16kHz.wav,16000,247476
16,1,7.73225,09-H2-Mi4_16kHz.wav,16000,247476
16,1,7.73225,09-H2-Mi5_16kHz.wav,16000,247476
16,1,7.73225,09-H2-Mi6_16kHz.wav,16000,247476
16,1,7.1691875,09-HF-Mi1_16kHz.wav,16000,229458
16,1,7.1691875,09-HF-Mi2_16kHz.wav,16000,229458
16,1,7.1691875,09-HF-Mi3_16kHz.wav,16000,229458
16,1,7.1691875,09-HF-Mi4_16kHz.wav,16000,229458
16,1,7.1691875,09-HF-Mi5_16kHz.wav,16000,229458
16,1,7.1691875,09-HF-Mi6_16kHz.wav,16000,229458
16,1,12.1963125,09-LD-Mi1_16kHz.wav,16000,390326
16,1,12.1963125,09-LD-Mi2_16kHz.wav,16000,390326
16,1,12.1963125,09-LD-Mi3_16kHz.wav,16000,390326
16,1,12.1963125,09-LD-Mi4_16kHz.wav,16000,390326
16,1,12.1963125,09-LD-Mi5_16kHz.wav,16000,390326
16,1,12.1963125,09-LD-Mi6_16kHz.wav,16000,390326
16,1,13.932,09-TO-Mi1_16kHz.wav,16000,445868
16,1,13.932,09-TO-Mi2_16kHz.wav,16000,445868
16,1,13.932,09-TO-Mi3_16kHz.wav,16000,445868
16,1,13.932,09-TO-Mi4_16kHz.wav,16000,445868
16,1,13.932,09-TO-Mi5_16kHz.wav,16000,445868
16,1,13.932,09-TO-Mi6_16kHz.wav,16000,445868
16,1,17.4846875,10-FB-Mi1_16kHz.wav,16000,559554
16,1,17.4846875,10-FB-Mi2_16kHz.wav,16000,559554
16,1,17.4846875,10-FB-Mi3_16kHz.wav,16000,559554
16,1,17.4846875,10-FB-Mi4_16kHz.wav,16000,559554
16,1,17.4846875,10-FB-Mi5_16kHz.wav,16000,559554
16,1,17.4846875,10-FB-Mi6_16kHz.wav,16000,559554
16,1,32.368625,10-FF-Mi1_16kHz.wav,16000,1035840
16,1,32.368625,10-FF-Mi2_16kHz.wav,16000,1035840
16,1,32.368625,10-FF-Mi3_16kHz.wav,16000,1035840
16,1,32.368625,10-FF-Mi4_16kHz.wav,16000,1035840
16,1,32.368625,10-FF-Mi5_16kHz.wav,16000,1035840
16,1,32.368625,10-FF-Mi6_16kHz.wav,16000,1035840
16,1,8.01675,10-H1-Mi1_16kHz.wav,16000,256580
16,1,8.01675,10-H1-Mi2_16kHz.wav,16000,256580
16,1,8.01675,10-H1-Mi3_16kHz.wav,16000,256580
16,1,8.01675,10-H1-Mi4_16kHz.wav,16000,256580
16,1,8.01675,10-H1-Mi5_16kHz.wav,16000,256580
16,1,8.01675,10-H1-Mi6_16kHz.wav,16000,256580
16,1,8.4695,10-H2-Mi1_16kHz.wav,16000,271068
16,1,8.4695,10-H2-Mi2_16kHz.wav,16000,271068
16,1,8.4695,10-H2-Mi3_16kHz.wav,16000,271068
16,1,8.4695,10-H2-Mi4_16kHz.wav,16000,271068
16,1,8.4695,10-H2-Mi5_16kHz.wav,16000,271068
16,1,8.4695,10-H2-Mi6_16kHz.wav,16000,271068
16,1,8.4346875,10-HF-Mi1_16kHz.wav,16000,269954
16,1,8.4346875,10-HF-Mi2_16kHz.wav,16000,269954
16,1,8.4346875,10-HF-Mi3_16kHz.wav,16000,269954
16,1,8.4346875,10-HF-Mi4_16kHz.wav,16000,269954
16,1,8.4346875,10-HF-Mi5_16kHz.wav,16000,269954
16,1,8.4346875,10-HF-Mi6_16kHz.wav,16000,269954
16,1,12.6026875,10-LD-Mi1_16kHz.wav,16000,403330
16,1,12.6026875,10-LD-Mi2_16kHz.wav,16000,403330
16,1,12.6026875,10-LD-Mi3_16kHz.wav,16000,403330
16,1,12.6026875,10-LD-Mi4_16kHz.wav,16000,403330
16,1,12.6026875,10-LD-Mi5_16kHz.wav,16000,403330
16,1,12.6026875,10-LD-Mi6_16kHz.wav,16000,403330
16,1,21.8325625,10-TO-Mi1_16kHz.wav,16000,698686
16,1,21.8325625,10-TO-Mi2_16kHz.wav,16000,698686
16,1,21.8325625,10-TO-Mi3_16kHz.wav,16000,698686
16,1,21.8325625,10-TO-Mi4_16kHz.wav,16000,698686
16,1,21.8325625,10-TO-Mi5_16kHz.wav,16000,698686
16,1,21.8325625,10-TO-Mi6_16kHz.wav,16000,698686
16,1,10.147125,11-FB-Mi1_16kHz.wav,16000,324752
16,1,10.147125,11-FB-Mi2_16kHz.wav,16000,324752
16,1,10.147125,11-FB-Mi3_16kHz.wav,16000,324752
16,1,10.147125,11-FB-Mi4_16kHz.wav,16000,324752
16,1,10.147125,11-FB-Mi5_16kHz.wav,16000,324752
16,1,10.147125,11-FB-Mi6_16kHz.wav,16000,324752
16,1,12.61425,11-FF-Mi1_16kHz.wav,16000,403700
16,1,12.61425,11-FF-Mi2_16kHz.wav,16000,403700
16,1,12.61425,11-FF-Mi3_16kHz.wav,16000,403700
16,1,12.61425,11-FF-Mi4_16kHz.wav,16000,403700
16,1,12.61425,11-FF-Mi5_16kHz.wav,16000,403700
16,1,12.61425,11-FF-Mi6_16kHz.wav,16000,403700
16,1,8.8178125,11-H1-Mi1_16kHz.wav,16000,282214
16,1,8.8178125,11-H1-Mi2_16kHz.wav,16000,282214
16,1,8.8178125,11-H1-Mi3_16kHz.wav,16000,282214
16,1,8.8178125,11-H1-Mi4_16kHz.wav,16000,282214
16,1,8.8178125,11-H1-Mi5_16kHz.wav,16000,282214
16,1,8.8178125,11-H1-Mi6_16kHz.wav,16000,282214
16,1,8.666875,11-H2-Mi1_16kHz.wav,16000,277384
16,1,8.666875,11-H2-Mi2_16kHz.wav,16000,277384
16,1,8.666875,11-H2-Mi3_16kHz.wav,16000,277384
16,1,8.666875,11-H2-Mi4_16kHz.wav,16000,277384
16,1,8.666875,11-H2-Mi5_16kHz.wav,16000,277384
16,1,8.666875,11-H2-Mi6_16kHz.wav,16000,277384
16,1,7.6684375,11-HF-Mi1_16kHz.wav,16000,245434
16,1,7.6684375,11-HF-Mi2_16kHz.wav,16000,245434
16,1,7.6684375,11-HF-Mi3_16kHz.wav,16000,245434
16,1,7.6684375,11-HF-Mi4_16kHz.wav,16000,245434
16,1,7.6684375,11-HF-Mi5_16kHz.wav,16000,245434
16,1,7.6684375,11-HF-Mi6_16kHz.wav,16000,245434
16,1,14.56475,11-LD-Mi1_16kHz.wav,16000,466116
16,1,14.56475,11-LD-Mi2_16kHz.wav,16000,466116
16,1,14.56475,11-LD-Mi3_16kHz.wav,16000,466116
16,1,14.56475,11-LD-Mi4_16kHz.wav,16000,466116
16,1,14.56475,11-LD-Mi5_16kHz.wav,16000,466116
16,1,14.56475,11-LD-Mi6_16kHz.wav,16000,466116
16,1,18.7385625,11-TO-Mi1_16kHz.wav,16000,599678
16,1,18.7385625,11-TO-Mi2_16kHz.wav,16000,599678
16,1,18.7385625,11-TO-Mi3_16kHz.wav,16000,599678
16,1,18.7385625,11-TO-Mi4_16kHz.wav,16000,599678
16,1,18.7385625,11-TO-Mi5_16kHz.wav,16000,599678
16,1,18.7385625,11-TO-Mi6_16kHz.wav,16000,599678
16,1,15.4296875,12-FB-Mi1_16kHz.wav,16000,493794
16,1,15.4296875,12-FB-Mi2_16kHz.wav,16000,493794
16,1,15.4296875,12-FB-Mi3_16kHz.wav,16000,493794
16,1,15.4296875,12-FB-Mi4_16kHz.wav,16000,493794
16,1,15.4296875,12-FB-Mi5_16kHz.wav,16000,493794
16,1,15.4296875,12-FB-Mi6_16kHz.wav,16000,493794
16,1,15.766375,12-FF-Mi1_16kHz.wav,16000,504568
16,1,15.766375,12-FF-Mi2_16kHz.wav,16000,504568
16,1,15.766375,12-FF-Mi3_16kHz.wav,16000,504568
16,1,15.766375,12-FF-Mi4_16kHz.wav,16000,504568
16,1,15.766375,12-FF-Mi5_16kHz.wav,16000,504568
16,1,15.766375,12-FF-Mi6_16kHz.wav,16000,504568
16,1,8.41725,12-H1-Mi1_16kHz.wav,16000,269396
16,1,8.41725,12-H1-Mi2_16kHz.wav,16000,269396
16,1,8.41725,12-H1-Mi3_16kHz.wav,16000,269396
16,1,8.41725,12-H1-Mi4_16kHz.wav,16000,269396
16,1,8.41725,12-H1-Mi5_16kHz.wav,16000,269396
16,1,8.41725,12-H1-Mi6_16kHz.wav,16000,269396
16,1,8.852625,12-H2-Mi1_16kHz.wav,16000,283328
16,1,8.852625,12-H2-Mi2_16kHz.wav,16000,283328
16,1,8.852625,12-H2-Mi3_16kHz.wav,16000,283328
16,1,8.852625,12-H2-Mi4_16kHz.wav,16000,283328
16,1,8.852625,12-H2-Mi5_16kHz.wav,16000,283328
16,1,8.852625,12-H2-Mi6_16kHz.wav,16000,283328
16,1,6.7976875,12-HF-Mi1_16kHz.wav,16000,217570
16,1,6.7976875,12-HF-Mi2_16kHz.wav,16000,217570
16,1,6.7976875,12-HF-Mi3_16kHz.wav,16000,217570
16,1,6.7976875,12-HF-Mi4_16kHz.wav,16000,217570
16,1,6.7976875,12-HF-Mi5_16kHz.wav,16000,217570
16,1,6.7976875,12-HF-Mi6_16kHz.wav,16000,217570
16,1,12.34725,12-LD-Mi1_16kHz.wav,16000,395156
16,1,12.34725,12-LD-Mi2_16kHz.wav,16000,395156
16,1,12.34725,12-LD-Mi3_16kHz.wav,16000,395156
16,1,12.34725,12-LD-Mi4_16kHz.wav,16000,395156
16,1,12.34725,12-LD-Mi5_16kHz.wav,16000,395156
16,1,12.34725,12-LD-Mi6_16kHz.wav,16000,395156
16,1,10.0484375,12-TO-Mi1_16kHz.wav,16000,321594
16,1,10.0484375,12-TO-Mi2_16kHz.wav,16000,321594
16,1,10.0484375,12-TO-Mi3_16kHz.wav,16000,321594
16,1,10.0484375,12-TO-Mi4_16kHz.wav,16000,321594
16,1,10.0484375,12-TO-Mi5_16kHz.wav,16000,321594
16,1,10.0484375,12-TO-Mi6_16kHz.wav,16000,321594
16,1,8.55075,13-FB-Mi1_16kHz.wav,16000,273668
16,1,8.55075,13-FB-Mi2_16kHz.wav,16000,273668
16,1,8.55075,13-FB-Mi3_16kHz.wav,16000,273668
16,1,8.55075,13-FB-Mi4_16kHz.wav,16000,273668
16,1,8.55075,13-FB-Mi5_16kHz.wav,16000,273668
16,1,8.55075,13-FB-Mi6_16kHz.wav,16000,273668
16,1,7.1053125,13-FF-Mi1_16kHz.wav,16000,227414
16,1,7.1053125,13-FF-Mi2_16kHz.wav,16000,227414
16,1,7.1053125,13-FF-Mi3_16kHz.wav,16000,227414
16,1,7.1053125,13-FF-Mi4_16kHz.wav,16000,227414
16,1,7.1053125,13-FF-Mi5_16kHz.wav,16000,227414
16,1,7.1053125,13-FF-Mi6_16kHz.wav,16000,227414
16,1,7.1981875,13-H1-Mi1_16kHz.wav,16000,230386
16,1,7.1981875,13-H1-Mi2_16kHz.wav,16000,230386
16,1,7.1981875,13-H1-Mi3_16kHz.wav,16000,230386
16,1,7.1981875,13-H1-Mi4_16kHz.wav,16000,230386
16,1,7.1981875,13-H1-Mi5_16kHz.wav,16000,230386
16,1,7.1981875,13-H1-Mi6_16kHz.wav,16000,230386
16,1,9.5028125,13-H2-Mi1_16kHz.wav,16000,304134
16,1,9.5028125,13-H2-Mi2_16kHz.wav,16000,304134
16,1,9.5028125,13-H2-Mi3_16kHz.wav,16000,304134
16,1,9.5028125,13-H2-Mi4_16kHz.wav,16000,304134
16,1,9.5028125,13-H2-Mi5_16kHz.wav,16000,304134
16,1,9.5028125,13-H2-Mi6_16kHz.wav,16000,304134
16,1,8.783,13-HF-Mi1_16kHz.wav,16000,281100
16,1,8.783,13-HF-Mi2_16kHz.wav,16000,281100
16,1,8.783,13-HF-Mi3_16kHz.wav,16000,281100
16,1,8.783,13-HF-Mi4_16kHz.wav,16000,281100
16,1,8.783,13-HF-Mi5_16kHz.wav,16000,281100
16,1,8.783,13-HF-Mi6_16kHz.wav,16000,281100
16,1,11.7145,13-LD-Mi1_16kHz.wav,16000,374908
16,1,11.7145,13-LD-Mi2_16kHz.wav,16000,374908
16,1,11.7145,13-LD-Mi3_16kHz.wav,16000,374908
16,1,11.7145,13-LD-Mi4_16kHz.wav,16000,374908
16,1,11.7145,13-LD-Mi5_16kHz.wav,16000,374908
16,1,11.7145,13-LD-Mi6_16kHz.wav,16000,374908
16,1,14.4660625,13-TO-Mi1_16kHz.wav,16000,462958
16,1,14.4660625,13-TO-Mi2_16kHz.wav,16000,462958
16,1,14.4660625,13-TO-Mi3_16kHz.wav,16000,462958
16,1,14.4660625,13-TO-Mi4_16kHz.wav,16000,462958
16,1,14.4660625,13-TO-Mi5_16kHz.wav,16000,462958
16,1,14.4660625,13-TO-Mi6_16kHz.wav,16000,462958
16,1,16.213375,14-FB-Mi1_16kHz.wav,16000,518872
16,1,7.2311875,14-FB-Mi2_16kHz.wav,16000,231442
16,1,16.213375,14-FB-Mi3_16kHz.wav,16000,518872
16,1,16.213375,14-FB-Mi4_16kHz.wav,16000,518872
16,1,16.213375,14-FB-Mi5_16kHz.wav,16000,518872
16,1,16.213375,14-FB-Mi6_16kHz.wav,16000,518872
16,1,14.7156875,14-FF-Mi1_16kHz.wav,16000,470946
16,1,14.7156875,14-FF-Mi2_16kHz.wav,16000,470946
16,1,14.7156875,14-FF-Mi3_16kHz.wav,16000,470946
16,1,14.7156875,14-FF-Mi4_16kHz.wav,16000,470946
16,1,14.7156875,14-FF-Mi5_16kHz.wav,16000,470946
16,1,14.7156875,14-FF-Mi6_16kHz.wav,16000,470946
16,1,7.372375,14-H1-Mi1_16kHz.wav,16000,235960
16,1,7.372375,14-H1-Mi2_16kHz.wav,16000,235960
16,1,7.372375,14-H1-Mi3_16kHz.wav,16000,235960
16,1,7.372375,14-H1-Mi4_16kHz.wav,16000,235960
16,1,7.372375,14-H1-Mi5_16kHz.wav,16000,235960
16,1,7.372375,14-H1-Mi6_16kHz.wav,16000,235960
16,1,7.587125,14-H2-Mi1_16kHz.wav,16000,242832
16,1,7.587125,14-H2-Mi2_16kHz.wav,16000,242832
16,1,7.587125,14-H2-Mi3_16kHz.wav,16000,242832
16,1,7.587125,14-H2-Mi4_16kHz.wav,16000,242832
16,1,7.587125,14-H2-Mi5_16kHz.wav,16000,242832
16,1,7.587125,14-H2-Mi6_16kHz.wav,16000,242832
16,1,7.7496875,14-HF-Mi1_16kHz.wav,16000,248034
16,1,7.7496875,14-HF-Mi2_16kHz.wav,16000,248034
16,1,7.7496875,14-HF-Mi3_16kHz.wav,16000,248034
16,1,7.7496875,14-HF-Mi4_16kHz.wav,16000,248034
16,1,7.7496875,14-HF-Mi5_16kHz.wav,16000,248034
16,1,7.7496875,14-HF-Mi6_16kHz.wav,16000,248034
16,1,11.412625,14-LD-Mi1_16kHz.wav,16000,365248
16,1,11.412625,14-LD-Mi2_16kHz.wav,16000,365248
16,1,11.412625,14-LD-Mi3_16kHz.wav,16000,365248
16,1,11.412625,14-LD-Mi4_16kHz.wav,16000,365248
16,1,11.412625,14-LD-Mi5_16kHz.wav,16000,365248
16,1,11.412625,14-LD-Mi6_16kHz.wav,16000,365248
16,1,14.5183125,14-TO-Mi1_16kHz.wav,16000,464630
16,1,14.5183125,14-TO-Mi2_16kHz.wav,16000,464630
16,1,14.5183125,14-TO-Mi3_16kHz.wav,16000,464630
16,1,14.5183125,14-TO-Mi4_16kHz.wav,16000,464630
16,1,14.5183125,14-TO-Mi5_16kHz.wav,16000,464630
16,1,14.5183125,14-TO-Mi6_16kHz.wav,16000,464630
16,1,8.9165,15-FB-Mi1_16kHz.wav,16000,285372
16,1,8.9165,15-FB-Mi2_16kHz.wav,16000,285372
16,1,8.9165,15-FB-Mi3_16kHz.wav,16000,285372
16,1,8.9165,15-FB-Mi4_16kHz.wav,16000,285372
16,1,8.9165,15-FB-Mi5_16kHz.wav,16000,285372
16,1,8.9165,15-FB-Mi6_16kHz.wav,16000,285372
16,1,5.8863125,15-FF-Mi1_16kHz.wav,16000,188406
16,1,5.8863125,15-FF-Mi2_16kHz.wav,16000,188406
16,1,5.8863125,15-FF-Mi3_16kHz.wav,16000,188406
16,1,5.8863125,15-FF-Mi4_16kHz.wav,16000,188406
16,1,5.8863125,15-FF-Mi5_16kHz.wav,16000,188406
16,1,5.8863125,15-FF-Mi6_16kHz.wav,16000,188406
16,1,7.4188125,15-H1-Mi1_16kHz.wav,16000,237446
16,1,7.4188125,15-H1-Mi2_16kHz.wav,16000,237446
16,1,7.4188125,15-H1-Mi3_16kHz.wav,16000,237446
16,1,7.4188125,15-H1-Mi4_16kHz.wav,16000,237446
16,1,7.4188125,15-H1-Mi5_16kHz.wav,16000,237446
16,1,7.4188125,15-H1-Mi6_16kHz.wav,16000,237446
16,1,8.115375,15-H2-Mi1_16kHz.wav,16000,259736
16,1,8.115375,15-H2-Mi2_16kHz.wav,16000,259736
16,1,8.115375,15-H2-Mi3_16kHz.wav,16000,259736
16,1,8.115375,15-H2-Mi4_16kHz.wav,16000,259736
16,1,8.115375,15-H2-Mi5_16kHz.wav,16000,259736
16,1,8.115375,15-H2-Mi6_16kHz.wav,16000,259736
16,1,7.8831875,15-HF-Mi1_16kHz.wav,16000,252306
16,1,7.8831875,15-HF-Mi2_16kHz.wav,16000,252306
16,1,7.8831875,15-HF-Mi3_16kHz.wav,16000,252306
16,1,7.8831875,15-HF-Mi4_16kHz.wav,16000,252306
16,1,7.8831875,15-HF-Mi5_16kHz.wav,16000,252306
16,1,7.8831875,15-HF-Mi6_16kHz.wav,16000,252306
16,1,9.8336875,15-LD-Mi1_16kHz.wav,16000,314722
16,1,9.8336875,15-LD-Mi2_16kHz.wav,16000,314722
16,1,9.8336875,15-LD-Mi3_16kHz.wav,16000,314722
16,1,9.8336875,15-LD-Mi4_16kHz.wav,16000,314722
16,1,9.8336875,15-LD-Mi5_16kHz.wav,16000,314722
16,1,9.8336875,15-LD-Mi6_16kHz.wav,16000,314722
16,1,8.347625,15-TO-Mi1_16kHz.wav,16000,267168
16,1,8.347625,15-TO-Mi2_16kHz.wav,16000,267168
16,1,8.347625,15-TO-Mi3_16kHz.wav,16000,267168
16,1,8.347625,15-TO-Mi4_16kHz.wav,16000,267168
16,1,8.347625,15-TO-Mi5_16kHz.wav,16000,267168
16,1,8.347625,15-TO-Mi6_16kHz.wav,16000,267168
16,1,17.0666875,16-FB-Mi1_16kHz.wav,16000,546178
16,1,17.0666875,16-FB-Mi2_16kHz.wav,16000,546178
16,1,17.0666875,16-FB-Mi3_16kHz.wav,16000,546178
16,1,17.0666875,16-FB-Mi4_16kHz.wav,16000,546178
16,1,17.0666875,16-FB-Mi5_16kHz.wav,16000,546178
16,1,17.0666875,16-FB-Mi6_16kHz.wav,16000,546178
16,1,14.7505,16-FF-Mi1_16kHz.wav,16000,472060
16,1,14.7505,16-FF-Mi2_16kHz.wav,16000,472060
16,1,14.7505,16-FF-Mi3_16kHz.wav,16000,472060
16,1,14.7505,16-FF-Mi4_16kHz.wav,16000,472060
16,1,14.7505,16-FF-Mi5_16kHz.wav,16000,472060
16,1,14.7505,16-FF-Mi6_16kHz.wav,16000,472060
16,1,8.167625,16-H1-Mi1_16kHz.wav,16000,261408
16,1,8.167625,16-H1-Mi2_16kHz.wav,16000,261408
16,1,8.167625,16-H1-Mi3_16kHz.wav,16000,261408
16,1,8.167625,16-H1-Mi4_16kHz.wav,16000,261408
16,1,8.167625,16-H1-Mi5_16kHz.wav,16000,261408
16,1,8.167625,16-H1-Mi6_16kHz.wav,16000,261408
16,1,8.2315,16-H2-Mi1_16kHz.wav,16000,263452
16,1,8.2315,16-H2-Mi2_16kHz.wav,16000,263452
16,1,8.2315,16-H2-Mi3_16kHz.wav,16000,263452
16,1,8.2315,16-H2-Mi4_16kHz.wav,16000,263452
16,1,8.2315,16-H2-Mi5_16kHz.wav,16000,263452
16,1,8.2315,16-H2-Mi6_16kHz.wav,16000,263452
16,1,8.3534375,16-HF-Mi1_16kHz.wav,16000,267354
16,1,8.3534375,16-HF-Mi2_16kHz.wav,16000,267354
16,1,8.3534375,16-HF-Mi3_16kHz.wav,16000,267354
16,1,8.3534375,16-HF-Mi4_16kHz.wav,16000,267354
16,1,8.3534375,16-HF-Mi5_16kHz.wav,16000,267354
16,1,8.3534375,16-HF-Mi6_16kHz.wav,16000,267354
16,1,12.8696875,16-LD-Mi1_16kHz.wav,16000,411874
16,1,12.8696875,16-LD-Mi2_16kHz.wav,16000,411874
16,1,12.8696875,16-LD-Mi3_16kHz.wav,16000,411874
16,1,12.8696875,16-LD-Mi4_16kHz.wav,16000,411874
16,1,12.8696875,16-LD-Mi5_16kHz.wav,16000,411874
16,1,12.8696875,16-LD-Mi6_16kHz.wav,16000,411874
16,1,13.415375,16-TO-Mi1_16kHz.wav,16000,429336
16,1,13.415375,16-TO-Mi2_16kHz.wav,16000,429336
16,1,13.415375,16-TO-Mi3_16kHz.wav,16000,429336
16,1,13.415375,16-TO-Mi4_16kHz.wav,16000,429336
16,1,13.415375,16-TO-Mi5_16kHz.wav,16000,429336
16,1,13.415375,16-TO-Mi6_16kHz.wav,16000,429336
16,1,10.4954375,17-FB-Mi1_16kHz.wav,16000,335898
16,1,10.4954375,17-FB-Mi2_16kHz.wav,16000,335898
16,1,10.4954375,17-FB-Mi3_16kHz.wav,16000,335898
16,1,10.4954375,17-FB-Mi4_16kHz.wav,16000,335898
16,1,10.4954375,17-FB-Mi5_16kHz.wav,16000,335898
16,1,10.4954375,17-FB-Mi6_16kHz.wav,16000,335898
16,1,7.453625,17-FF-Mi1_16kHz.wav,16000,238560
16,1,7.453625,17-FF-Mi2_16kHz.wav,16000,238560
16,1,7.453625,17-FF-Mi3_16kHz.wav,16000,238560
16,1,7.453625,17-FF-Mi4_16kHz.wav,16000,238560
16,1,7.453625,17-FF-Mi5_16kHz.wav,16000,238560
16,1,7.453625,17-FF-Mi6_16kHz.wav,16000,238560
16,1,7.5349375,17-H1-Mi1_16kHz.wav,16000,241162
16,1,7.5349375,17-H1-Mi2_16kHz.wav,16000,241162
16,1,7.5349375,17-H1-Mi3_16kHz.wav,16000,241162
16,1,7.5349375,17-H1-Mi4_16kHz.wav,16000,241162
16,1,7.5349375,17-H1-Mi5_16kHz.wav,16000,241162
16,1,7.5349375,17-H1-Mi6_16kHz.wav,16000,241162
16,1,9.0674375,17-H2-Mi1_16kHz.wav,16000,290202
16,1,9.0674375,17-H2-Mi2_16kHz.wav,16000,290202
16,1,9.0674375,17-H2-Mi3_16kHz.wav,16000,290202
16,1,9.0674375,17-H2-Mi4_16kHz.wav,16000,290202
16,1,9.0674375,17-H2-Mi5_16kHz.wav,16000,290202
16,1,9.0674375,17-H2-Mi6_16kHz.wav,16000,290202
16,1,8.115375,17-HF-Mi1_16kHz.wav,16000,259736
16,1,8.115375,17-HF-Mi2_16kHz.wav,16000,259736
16,1,8.115375,17-HF-Mi3_16kHz.wav,16000,259736
16,1,8.115375,17-HF-Mi4_16kHz.wav,16000,259736
16,1,8.115375,17-HF-Mi5_16kHz.wav,16000,259736
16,1,8.115375,17-HF-Mi6_16kHz.wav,16000,259736
16,1,10.1006875,17-LD-Mi1_16kHz.wav,16000,323266
16,1,10.1006875,17-LD-Mi2_16kHz.wav,16000,323266
16,1,10.1006875,17-LD-Mi3_16kHz.wav,16000,323266
16,1,10.1006875,17-LD-Mi4_16kHz.wav,16000,323266
16,1,10.1006875,17-LD-Mi5_16kHz.wav,16000,323266
16,1,10.1006875,17-LD-Mi6_16kHz.wav,16000,323266
16,1,10.7160625,17-TO-Mi1_16kHz.wav,16000,342958
16,1,10.7160625,17-TO-Mi2_16kHz.wav,16000,342958
16,1,10.7160625,17-TO-Mi3_16kHz.wav,16000,342958
16,1,10.7160625,17-TO-Mi4_16kHz.wav,16000,342958
16,1,10.7160625,17-TO-Mi5_16kHz.wav,16000,342958
16,1,10.7160625,17-TO-Mi6_16kHz.wav,16000,342958
16,1,15.766375,18-FB-Mi1_16kHz.wav,16000,504568
16,1,15.766375,18-FB-Mi2_16kHz.wav,16000,504568
16,1,15.766375,18-FB-Mi3_16kHz.wav,16000,504568
16,1,15.766375,18-FB-Mi4_16kHz.wav,16000,504568
16,1,15.766375,18-FB-Mi5_16kHz.wav,16000,504568
16,1,15.766375,18-FB-Mi6_16kHz.wav,16000,504568
16,1,11.0643125,18-FF-Mi1_16kHz.wav,16000,354102
16,1,11.0643125,18-FF-Mi2_16kHz.wav,16000,354102
16,1,11.0643125,18-FF-Mi3_16kHz.wav,16000,354102
16,1,11.0643125,18-FF-Mi4_16kHz.wav,16000,354102
16,1,11.0643125,18-FF-Mi5_16kHz.wav,16000,354102
16,1,11.0643125,18-FF-Mi6_16kHz.wav,16000,354102
16,1,8.01675,18-H1-Mi1_16kHz.wav,16000,256580
16,1,8.01675,18-H1-Mi2_16kHz.wav,16000,256580
16,1,8.01675,18-H1-Mi3_16kHz.wav,16000,256580
16,1,8.01675,18-H1-Mi4_16kHz.wav,16000,256580
16,1,8.01675,18-H1-Mi5_16kHz.wav,16000,256580
16,1,8.01675,18-H1-Mi6_16kHz.wav,16000,256580
16,1,7.68,18-H2-Mi1_16kHz.wav,16000,245804
16,1,7.68,18-H2-Mi2_16kHz.wav,16000,245804
16,1,7.68,18-H2-Mi3_16kHz.wav,16000,245804
16,1,7.68,18-H2-Mi4_16kHz.wav,16000,245804
16,1,7.68,18-H2-Mi5_16kHz.wav,16000,245804
16,1,7.68,18-H2-Mi6_16kHz.wav,16000,245804
16,1,7.384,18-HF-Mi1_16kHz.wav,16000,236332
16,1,7.384,18-HF-Mi2_16kHz.wav,16000,236332
16,1,7.384,18-HF-Mi3_16kHz.wav,16000,236332
16,1,7.384,18-HF-Mi4_16kHz.wav,16000,236332
16,1,7.384,18-HF-Mi5_16kHz.wav,16000,236332
16,1,7.384,18-HF-Mi6_16kHz.wav,16000,236332
16,1,10.5535,18-LD-Mi1_16kHz.wav,16000,337756
16,1,10.5535,18-LD-Mi2_16kHz.wav,16000,337756
16,1,10.5535,18-LD-Mi3_16kHz.wav,16000,337756
16,1,10.5535,18-LD-Mi4_16kHz.wav,16000,337756
16,1,10.5535,18-LD-Mi5_16kHz.wav,16000,337756
16,1,10.5535,18-LD-Mi6_16kHz.wav,16000,337756
16,1,11.8828125,18-TO-Mi1_16kHz.wav,16000,380294
16,1,11.8828125,18-TO-Mi2_16kHz.wav,16000,380294
16,1,11.8828125,18-TO-Mi3_16kHz.wav,16000,380294
16,1,11.8828125,18-TO-Mi4_16kHz.wav,16000,380294
16,1,11.8828125,18-TO-Mi5_16kHz.wav,16000,380294
16,1,11.8828125,18-TO-Mi6_16kHz.wav,16000,380294
16,1,9.10225,19-FB-Mi1_16kHz.wav,16000,291316
16,1,9.10225,19-FB-Mi2_16kHz.wav,16000,291316
16,1,9.10225,19-FB-Mi3_16kHz.wav,16000,291316
16,1,9.10225,19-FB-Mi4_16kHz.wav,16000,291316
16,1,9.10225,19-FB-Mi5_16kHz.wav,16000,291316
16,1,9.10225,19-FB-Mi6_16kHz.wav,16000,291316
16,1,8.585625,19-FF-Mi1_16kHz.wav,16000,274784
16,1,8.585625,19-FF-Mi2_16kHz.wav,16000,274784
16,1,8.585625,19-FF-Mi3_16kHz.wav,16000,274784
16,1,8.585625,19-FF-Mi4_16kHz.wav,16000,274784
16,1,8.585625,19-FF-Mi5_16kHz.wav,16000,274784
16,1,8.585625,19-FF-Mi6_16kHz.wav,16000,274784
16,1,8.533375,19-H1-Mi1_16kHz.wav,16000,273112
16,1,8.533375,19-H1-Mi2_16kHz.wav,16000,273112
16,1,8.533375,19-H1-Mi3_16kHz.wav,16000,273112
16,1,8.533375,19-H1-Mi4_16kHz.wav,16000,273112
16,1,8.533375,19-H1-Mi5_16kHz.wav,16000,273112
16,1,8.533375,19-H1-Mi6_16kHz.wav,16000,273112
16,1,9.0674375,19-H2-Mi1_16kHz.wav,16000,290202
16,1,9.0674375,19-H2-Mi2_16kHz.wav,16000,290202
16,1,9.0674375,19-H2-Mi3_16kHz.wav,16000,290202
16,1,9.0674375,19-H2-Mi4_16kHz.wav,16000,290202
16,1,9.0674375,19-H2-Mi5_16kHz.wav,16000,290202
16,1,9.0674375,19-H2-Mi6_16kHz.wav,16000,290202
16,1,7.4188125,19-HF-Mi1_16kHz.wav,16000,237446
16,1,7.4188125,19-HF-Mi2_16kHz.wav,16000,237446
16,1,7.4188125,19-HF-Mi3_16kHz.wav,16000,237446
16,1,7.4188125,19-HF-Mi4_16kHz.wav,16000,237446
16,1,7.4188125,19-HF-Mi5_16kHz.wav,16000,237446
16,1,7.4188125,19-HF-Mi6_16kHz.wav,16000,237446
16,1,14.8491875,19-LD-Mi1_16kHz.wav,16000,475218
16,1,14.8491875,19-LD-Mi2_16kHz.wav,16000,475218
16,1,14.8491875,19-LD-Mi3_16kHz.wav,16000,475218
16,1,14.8491875,19-LD-Mi4_16kHz.wav,16000,475218
16,1,14.8491875,19-LD-Mi5_16kHz.wav,16000,475218
16,1,14.8491875,19-LD-Mi6_16kHz.wav,16000,475218
16,1,9.4505625,19-TO-Mi1_16kHz.wav,16000,302462
16,1,9.4505625,19-TO-Mi2_16kHz.wav,16000,302462
16,1,9.4505625,19-TO-Mi3_16kHz.wav,16000,302462
16,1,9.4505625,19-TO-Mi4_16kHz.wav,16000,302462
16,1,9.4505625,19-TO-Mi5_16kHz.wav,16000,302462
16,1,9.4505625,19-TO-Mi6_16kHz.wav,16000,302462
